"state","occupation","median_annual_wage","true_state_rpp","real_median_annual_wage","employment_per_1000"
"Alabama","Software Developer","113020","88.43","127807.31","8.616"
"Alaska","Software Developer","119600","101.39","117960.35","1.352"
"Arizona","Software Developer","128690","99.53","129297.70","11.153"
"Arkansas","Software Developer","96820","85.62","113081.06","4.959"
"California","Software Developer","170910","112.17","152366.94","16.205"
"Colorado","Software Developer","134540","101.29","132826.54","16.942"
"Connecticut","Software Developer","130870","103.37","126603.46","9.803"
"Delaware","Software Developer","135160","82.38","164068.95","8.084"
"Florida","Software Developer","126550","102.90","122983.48","8.412"
"Georgia","Software Developer","128920","95.39","135150.44","9.751"
"Hawaii","Software Developer","119880","108.86","110123.09","3.125"
"Idaho","Software Developer","107900","91.13","118402.28","5.868"
"Illinois","Software Developer","127770","98.39","129860.76","8.984"
"Indiana","Software Developer","103570","91.64","113018.33","3.984"
"Iowa","Software Developer","109850","88.78","123732.82","6.298"
"Kansas","Software Developer","106660","89.87","118682.54","11.077"
"Kentucky","Software Developer","106200","90.17","117777.53","3.547"
"Louisiana","Software Developer","102290","87.45","116969.70","2.027"
"Maine","Software Developer","113800","94.57","120334.14","4.318"
"Maryland","Software Developer","137890","102.66","134317.16","11.628"
"Massachusetts","Software Developer","150520","108.37","138894.53","14.895"
"Michigan","Software Developer","107820","93.34","115513.18","9.450"
"Minnesota","Software Developer","124540","97.32","127969.58","13.553"
"Mississippi","Software Developer","86460","86.87","99528.03","2.757"
"Missouri","Software Developer","114550","90.72","126267.64","5.845"
"Montana","Software Developer","100190","90.58","110609.41","4.061"
"Nebraska","Software Developer","116420","90.65","128428.02","8.795"
"Nevada","Software Developer","129030","97.10","132883.63","3.032"
"New Hampshire","Software Developer","132420","105.02","126090.27","11.722"
"New Jersey","Software Developer","132400","102.35","129360.04","13.438"
"New Mexico","Software Developer","120820","90.61","133340.69","5.591"
"New York","Software Developer","161260","106.45","151488.96","10.913"
"North Carolina","Software Developer","131000","92.88","141042.20","11.757"
"North Dakota","Software Developer","98550","88.74","111054.77","3.553"
"Ohio","Software Developer","107690","91.45","117758.34","8.013"
"Oklahoma","Software Developer","107420","87.91","122193.15","4.225"
"Oregon","Software Developer","135260","104.37","129596.63","10.736"
"Pennsylvania","Software Developer","123740","96.08","128788.51","7.873"
"Rhode Island","Software Developer","128660","92.28","139423.49","12.176"
"South Carolina","Software Developer","108690","91.47","118825.84","5.384"
"South Dakota","Software Developer","87770","88.25","99456.09","4.827"
"Tennessee","Software Developer","117340","91.08","128831.80","5.727"
"Texas","Software Developer","130500","96.42","135345.36","10.938"
"Utah","Software Developer","127390","95.06","134010.10","17.053"
"Vermont","Software Developer","130720","96.54","135405.01","8"
"Virginia","Software Developer","134470","98.78","136130.80","20.492"
"Washington","Software Developer","166910","107.59","155135.24","25.840"
"West Virginia","Software Developer","103550","88.94","116426.80","3.245"
"Wisconsin","Software Developer","103360","92.68","111523.52","7.582"
"Wyoming","Software Developer","112590","91.05","123657.33","3.670"
"Alabama","Economist","103400","88.43","116928.64","0.018"
"Alaska","Economist","108960","101.39","107466.22","8"
"Arizona","Economist","96390","99.53","96845.17","8"
"California","Economist","100510","112.17","89605.06","0.078"
"Colorado","Economist","111540","101.29","110119.46","0.080"
"Connecticut","Economist","103200","103.37","99835.54","0.117"
"Florida","Economist","89250","102.90","86734.69","0.047"
"Georgia","Economist","127220","95.39","133368.28","0.070"
"Hawaii","Economist","81740","108.86","75087.27","0.090"
"Idaho","Economist","78770","91.13","86436.96","0.128"
"Illinois","Economist","112790","98.39","114635.63","0.098"
"Indiana","Economist","95830","91.64","104572.24","0.020"
"Iowa","Economist","92750","88.78","104471.73","0.047"
"Kansas","Economist","115100","89.87","128073.88","0.079"
"Kentucky","Economist","65470","90.17","72607.30","0.082"
"Louisiana","Economist","89010","87.45","101783.88","0.039"
"Maine","Economist","80670","94.57","85301.89","0.089"
"Maryland","Economist","137610","102.66","134044.42","0.334"
"Massachusetts","Economist","103170","108.37","95201.62","0.211"
"Michigan","Economist","94850","93.34","101617.74","0.064"
"Minnesota","Economist","107470","97.32","110429.51","0.071"
"Missouri","Economist","115520","90.72","127336.86","0.070"
"Montana","Economist","95990","90.58","105972.62","0.135"
"Nebraska","Economist","66690","90.65","73568.67","0.090"
"Nevada","Economist","84540","97.10","87064.88","0.062"
"New Jersey","Economist","102350","102.35","100000.00","0.025"
"New Mexico","Economist","82490","90.61","91038.52","8"
"New York","Economist","142300","106.45","133677.78","0.092"
"North Carolina","Economist","111770","92.88","120338.07","0.050"
"Ohio","Economist","117750","91.45","128758.88","0.024"
"Oklahoma","Economist","82330","87.91","93652.60","8"
"Oregon","Economist","111660","104.37","106984.77","0.138"
"Pennsylvania","Economist","113300","96.08","117922.56","0.117"
"South Carolina","Economist","51980","91.47","56827.38","0.291"
"Tennessee","Economist","110320","91.08","121124.29","8"
"Texas","Economist","106200","96.42","110143.12","0.045"
"Virginia","Economist","148010","98.78","149838.02","0.239"
"Washington","Economist","116390","107.59","108179.20","0.134"
"Wisconsin","Economist","76940","92.68","83016.83","0.112"
"Alabama","Data Scientist","105410","88.43","119201.63","0.773"
"Alaska","Data Scientist","77400","101.39","76338.89","0.651"
"Arizona","Data Scientist","106080","99.53","106580.93","1.275"
"Arkansas","Data Scientist","104320","85.62","121840.69","0.366"
"California","Data Scientist","136800","112.17","121957.74","2.041"
"Colorado","Data Scientist","106500","101.29","105143.65","2.334"
"Connecticut","Data Scientist","109960","103.37","106375.16","0.972"
"Florida","Data Scientist","105820","102.90","102837.71","0.965"
"Georgia","Data Scientist","102630","95.39","107589.89","1.591"
"Hawaii","Data Scientist","123880","108.86","113797.54","0.383"
"Idaho","Data Scientist","109340","91.13","119982.44","1.157"
"Illinois","Data Scientist","113490","98.39","115347.09","1.218"
"Indiana","Data Scientist","84050","91.64","91717.59","0.979"
"Iowa","Data Scientist","97980","88.78","110362.69","1.490"
"Kansas","Data Scientist","110320","89.87","122755.09","0.237"
"Kentucky","Data Scientist","93490","90.17","103681.93","0.852"
"Louisiana","Data Scientist","70530","87.45","80651.80","0.585"
"Maine","Data Scientist","94350","94.57","99767.37","1.641"
"Maryland","Data Scientist","124340","102.66","121118.25","1.239"
"Massachusetts","Data Scientist","132250","108.37","122035.62","2.743"
"Michigan","Data Scientist","99470","93.34","106567.39","1.470"
"Minnesota","Data Scientist","117840","97.32","121085.08","1.199"
"Mississippi","Data Scientist","69430","86.87","79924.02","0.232"
"Missouri","Data Scientist","85570","90.72","94323.19","1.491"
"Montana","Data Scientist","106860","90.58","117973.06","0.394"
"Nebraska","Data Scientist","96470","90.65","106420.30","1.817"
"Nevada","Data Scientist","93310","97.10","96096.81","0.802"
"New Hampshire","Data Scientist","98970","105.02","94239.19","1.278"
"New Jersey","Data Scientist","130370","102.35","127376.65","1.379"
"New Mexico","Data Scientist","85040","90.61","93852.78","0.589"
"New York","Data Scientist","125400","106.45","117801.78","2.103"
"North Carolina","Data Scientist","115380","92.88","124224.81","2.071"
"North Dakota","Data Scientist","96230","88.74","108440.39","0.747"
"Ohio","Data Scientist","98620","91.45","107840.35","0.996"
"Oklahoma","Data Scientist","80380","87.91","91434.42","1.276"
"Oregon","Data Scientist","106100","104.37","101657.56","1.349"
"Pennsylvania","Data Scientist","100320","96.08","104412.99","1.734"
"Rhode Island","Data Scientist","114390","92.28","123959.69","2.412"
"South Carolina","Data Scientist","90660","91.47","99114.46","1.239"
"South Dakota","Data Scientist","92000","88.25","104249.29","0.586"
"Tennessee","Data Scientist","104700","91.08","114953.89","0.778"
"Texas","Data Scientist","106540","96.42","110495.75","1.691"
"Utah","Data Scientist","116420","95.06","122470.02","2.827"
"Vermont","Data Scientist","120670","96.54","124994.82","0.698"
"Virginia","Data Scientist","126070","98.78","127627.05","1.525"
"Washington","Data Scientist","158760","107.59","147560.18","2.240"
"West Virginia","Data Scientist","95760","88.94","107668.09","0.320"
"Wisconsin","Data Scientist","100020","92.68","107919.72","1.243"
"Wyoming","Data Scientist","95840","91.05","105260.85","8"
"Alabama","Registered Nurse","71040","88.43","80334.73","25.503"
"Alaska","Registered Nurse","110690","101.39","109172.50","21.920"
"Arizona","Registered Nurse","96890","99.53","97347.53","20.155"
"Arkansas","Registered Nurse","77130","85.62","90084.09","21.970"
"California","Registered Nurse","140330","112.17","125104.75","18.093"
"Colorado","Registered Nurse","96520","101.29","95290.75","18.853"
"Connecticut","Registered Nurse","101590","103.37","98278.03","23.198"
"Delaware","Registered Nurse","92610","82.38","112418.06","27.822"
"Florida","Registered Nurse","82850","102.90","80515.06","22.210"
"Georgia","Registered Nurse","86560","95.39","90743.26","20.059"
"Hawaii","Registered Nurse","136320","108.86","125225.06","21.099"
"Idaho","Registered Nurse","86100","91.13","94480.41","17.214"
"Illinois","Registered Nurse","86410","98.39","87823.97","23.066"
"Indiana","Registered Nurse","80740","91.64","88105.63","21.638"
"Iowa","Registered Nurse","76960","88.78","86686.19","21.438"
"Kansas","Registered Nurse","78060","89.87","86858.80","22.805"
"Kentucky","Registered Nurse","79910","90.17","88621.49","24.163"
"Louisiana","Registered Nurse","78880","87.45","90200.11","24.479"
"Maine","Registered Nurse","82860","94.57","87617.64","25.626"
"Maryland","Registered Nurse","96830","102.66","94321.06","17.835"
"Massachusetts","Registered Nurse","101970","108.37","94094.31","24.759"
"Michigan","Registered Nurse","85670","93.34","91782.73","23.735"
"Minnesota","Registered Nurse","100870","97.32","103647.76","22.167"
"Mississippi","Registered Nurse","74470","86.87","85725.80","25.351"
"Missouri","Registered Nurse","79770","90.72","87929.89","25.452"
"Montana","Registered Nurse","81560","90.58","90041.95","20.666"
"Nebraska","Registered Nurse","81020","90.65","89376.72","23.801"
"Nevada","Registered Nurse","101990","97.10","105036.05","18.024"
"New Hampshire","Registered Nurse","96830","105.02","92201.49","24.266"
"New Jersey","Registered Nurse","102730","102.35","100371.28","22.387"
"New Mexico","Registered Nurse","88260","90.61","97406.47","20.343"
"New York","Registered Nurse","105600","106.45","99201.50","21.392"
"North Carolina","Registered Nurse","81860","92.88","88135.23","22.153"
"North Dakota","Registered Nurse","78260","88.74","88190.22","25.953"
"Ohio","Registered Nurse","81250","91.45","88846.36","25.037"
"Oklahoma","Registered Nurse","81160","87.91","92321.69","19.426"
"Oregon","Registered Nurse","123990","104.37","118798.51","20.300"
"Pennsylvania","Registered Nurse","87610","96.08","91184.43","24.415"
"Rhode Island","Registered Nurse","99960","92.28","108322.50","21.796"
"South Carolina","Registered Nurse","79900","91.47","87351.04","22.143"
"South Dakota","Registered Nurse","69510","88.25","78764.87","32.017"
"Tennessee","Registered Nurse","79030","91.08","86769.87","20.765"
"Texas","Registered Nurse","90010","96.42","93352.00","18.853"
"Utah","Registered Nurse","82270","95.06","86545.34","15.078"
"Vermont","Registered Nurse","85150","96.54","88201.78","23.793"
"Virginia","Registered Nurse","88820","98.78","89916.99","19.048"
"Washington","Registered Nurse","112180","107.59","104266.20","18.275"
"West Virginia","Registered Nurse","79990","88.94","89937.04","30.996"
"Wisconsin","Registered Nurse","86070","92.68","92867.93","22.219"
"Wyoming","Registered Nurse","81790","91.05","89829.76","18.600"
"Alabama","Machinery Mechanic","60390","88.43","68291.30","8.180"
"Alaska","Machinery Mechanic","86590","101.39","85402.90","2.041"
"Arizona","Machinery Mechanic","64840","99.53","65146.19","1.393"
"Arkansas","Machinery Mechanic","58410","85.62","68220.04","5.252"
"California","Machinery Mechanic","73840","112.17","65828.65","1.428"
"Colorado","Machinery Mechanic","73770","101.29","72830.49","2.025"
"Connecticut","Machinery Mechanic","73530","103.37","71132.82","1.774"
"Delaware","Machinery Mechanic","65560","82.38","79582.42","2.173"
"Florida","Machinery Mechanic","60340","102.90","58639.46","1.408"
"Georgia","Machinery Mechanic","60100","95.39","63004.51","2.680"
"Hawaii","Machinery Mechanic","80180","108.86","73654.23","1.221"
"Idaho","Machinery Mechanic","62570","91.13","68660.16","2.102"
"Illinois","Machinery Mechanic","66770","98.39","67862.59","1.560"
"Indiana","Machinery Mechanic","65670","91.64","71660.85","5.556"
"Iowa","Machinery Mechanic","65090","88.78","73316.06","3.751"
"Kansas","Machinery Mechanic","70170","89.87","78079.45","4.592"
"Kentucky","Machinery Mechanic","64060","90.17","71043.58","5.224"
"Louisiana","Machinery Mechanic","63830","87.45","72990.28","3.088"
"Maine","Machinery Mechanic","65190","94.57","68933.07","2.228"
"Maryland","Machinery Mechanic","64080","102.66","62419.64","1.118"
"Massachusetts","Machinery Mechanic","70540","108.37","65091.82","1.726"
"Michigan","Machinery Mechanic","63030","93.34","67527.32","4.294"
"Minnesota","Machinery Mechanic","68160","97.32","70036.99","2.277"
"Mississippi","Machinery Mechanic","57220","86.87","65868.54","4.321"
"Missouri","Machinery Mechanic","61270","90.72","67537.48","1.525"
"Montana","Machinery Mechanic","69880","90.58","77147.27","1.752"
"Nebraska","Machinery Mechanic","63130","90.65","69641.48","2.688"
"Nevada","Machinery Mechanic","75490","97.10","77744.59","1.611"
"New Hampshire","Machinery Mechanic","61360","105.02","58426.97","3.131"
"New Jersey","Machinery Mechanic","73000","102.35","71323.89","2.143"
"New Mexico","Machinery Mechanic","59420","90.61","65577.75","3.168"
"New York","Machinery Mechanic","67010","106.45","62949.74","1.324"
"North Carolina","Machinery Mechanic","60860","92.88","65525.41","3.195"
"North Dakota","Machinery Mechanic","65070","88.74","73326.57","6.507"
"Ohio","Machinery Mechanic","63650","91.45","69600.87","3.651"
"Oklahoma","Machinery Mechanic","62530","87.91","71129.56","3.690"
"Oregon","Machinery Mechanic","71430","104.37","68439.21","3.300"
"Pennsylvania","Machinery Mechanic","63830","96.08","66434.22","3.076"
"Rhode Island","Machinery Mechanic","63870","92.28","69213.26","2.075"
"South Carolina","Machinery Mechanic","61260","91.47","66972.78","4.191"
"South Dakota","Machinery Mechanic","59690","88.25","67637.39","2.808"
"Tennessee","Machinery Mechanic","62830","91.08","68983.31","3.084"
"Texas","Machinery Mechanic","61590","96.42","63876.79","4.127"
"Utah","Machinery Mechanic","69670","95.06","73290.55","2.291"
"Vermont","Machinery Mechanic","62520","96.54","64760.72","2.324"
"Virginia","Machinery Mechanic","62940","98.78","63717.35","2.338"
"Washington","Machinery Mechanic","75220","107.59","69913.56","2.911"
"West Virginia","Machinery Mechanic","61400","88.94","69035.30","4.506"
"Wisconsin","Machinery Mechanic","64520","92.68","69615.88","4.960"
"Wyoming","Machinery Mechanic","74510","91.05","81834.16","8.232"
"Alabama","Electrical Engineer","115870","88.43","131030.19","2.138"
"Alaska","Electrical Engineer","108780","101.39","107288.69","1.187"
"Arizona","Electrical Engineer","110510","99.53","111031.85","1.554"
"Arkansas","Electrical Engineer","96500","85.62","112707.31","0.722"
"California","Electrical Engineer","140360","112.17","125131.50","1.310"
"Colorado","Electrical Engineer","112880","101.29","111442.39","1.650"
"Connecticut","Electrical Engineer","103480","103.37","100106.41","1.734"
"Delaware","Electrical Engineer","111720","82.38","135615.44","1.268"
"Florida","Electrical Engineer","108450","102.90","105393.59","0.753"
"Georgia","Electrical Engineer","104170","95.39","109204.32","0.944"
"Hawaii","Electrical Engineer","105060","108.86","96509.28","1.573"
"Idaho","Electrical Engineer","128960","91.13","141512.13","1.090"
"Illinois","Electrical Engineer","104000","98.39","105701.80","0.960"
"Indiana","Electrical Engineer","101520","91.64","110781.32","1.212"
"Iowa","Electrical Engineer","107270","88.78","120826.76","0.799"
"Kansas","Electrical Engineer","97680","89.87","108690.33","1.618"
"Kentucky","Electrical Engineer","95640","90.17","106066.32","0.804"
"Louisiana","Electrical Engineer","108620","87.45","124208.12","0.447"
"Maine","Electrical Engineer","111110","94.57","117489.69","1.530"
"Maryland","Electrical Engineer","124450","102.66","121225.40","1.594"
"Massachusetts","Electrical Engineer","126010","108.37","116277.57","1.312"
"Michigan","Electrical Engineer","102990","93.34","110338.55","2.470"
"Minnesota","Electrical Engineer","105160","97.32","108055.90","1.174"
"Mississippi","Electrical Engineer","100840","86.87","116081.50","1.061"
"Missouri","Electrical Engineer","106100","90.72","116953.26","1.000"
"Montana","Electrical Engineer","99230","90.58","109549.57","1.266"
"Nebraska","Electrical Engineer","103720","90.65","114418.09","1.066"
"Nevada","Electrical Engineer","104840","97.10","107971.16","0.484"
"New Hampshire","Electrical Engineer","131790","105.02","125490.38","2.075"
"New Jersey","Electrical Engineer","125120","102.35","122247.19","0.851"
"New Mexico","Electrical Engineer","143850","90.61","158757.31","1.836"
"New York","Electrical Engineer","112550","106.45","105730.39","0.809"
"North Carolina","Electrical Engineer","107760","92.88","116020.67","1.340"
"North Dakota","Electrical Engineer","108520","88.74","122289.84","0.620"
"Ohio","Electrical Engineer","100040","91.45","109393.11","1.092"
"Oklahoma","Electrical Engineer","104200","87.91","118530.32","1.094"
"Oregon","Electrical Engineer","109660","104.37","105068.51","1.542"
"Pennsylvania","Electrical Engineer","109730","96.08","114206.91","1.273"
"Rhode Island","Electrical Engineer","104530","92.28","113274.82","1.328"
"South Carolina","Electrical Engineer","104210","91.47","113928.06","1.081"
"South Dakota","Electrical Engineer","101930","88.25","115501.42","0.979"
"Tennessee","Electrical Engineer","109870","91.08","120630.22","0.785"
"Texas","Electrical Engineer","105560","96.42","109479.36","1.117"
"Utah","Electrical Engineer","107520","95.06","113107.51","1.125"
"Vermont","Electrical Engineer","118050","96.54","122280.92","2.983"
"Virginia","Electrical Engineer","122320","98.78","123830.73","1.474"
"Washington","Electrical Engineer","130730","107.59","121507.58","2.829"
"West Virginia","Electrical Engineer","108480","88.94","121969.87","0.871"
"Wisconsin","Electrical Engineer","99170","92.68","107002.59","1.358"
"Wyoming","Electrical Engineer","111740","91.05","122723.78","0.944"
"Alabama","Urban and Regional Planning","64880","88.43","73368.77","0.268"
"Alaska","Urban and Regional Planning","85970","101.39","84791.40","0.840"
"Arizona","Urban and Regional Planning","78200","99.53","78569.28","0.348"
"Arkansas","Urban and Regional Planning","60800","85.62","71011.45","0.068"
"California","Urban and Regional Planning","105230","112.17","93812.96","0.422"
"Colorado","Urban and Regional Planning","96810","101.29","95577.06","0.437"
"Connecticut","Urban and Regional Planning","94960","103.37","91864.18","0.228"
"Delaware","Urban and Regional Planning","66410","82.38","80614.23","0.733"
"Florida","Urban and Regional Planning","77190","102.90","75014.58","0.269"
"Georgia","Urban and Regional Planning","75990","95.39","79662.44","0.220"
"Hawaii","Urban and Regional Planning","80170","108.86","73645.05","0.725"
"Idaho","Urban and Regional Planning","67000","91.13","73521.34","0.456"
"Illinois","Urban and Regional Planning","80140","98.39","81451.37","0.197"
"Indiana","Urban and Regional Planning","66380","91.64","72435.62","0.161"
"Iowa","Urban and Regional Planning","75810","88.78","85390.85","0.180"
"Kansas","Urban and Regional Planning","83660","89.87","93090.02","0.242"
"Kentucky","Urban and Regional Planning","72550","90.17","80459.13","0.097"
"Louisiana","Urban and Regional Planning","64800","87.45","74099.49","0.131"
"Maine","Urban and Regional Planning","75610","94.57","79951.36","0.341"
"Maryland","Urban and Regional Planning","86800","102.66","84550.94","0.293"
"Massachusetts","Urban and Regional Planning","88030","108.37","81230.97","0.430"
"Michigan","Urban and Regional Planning","76380","93.34","81829.87","0.243"
"Minnesota","Urban and Regional Planning","91810","97.32","94338.27","0.283"
"Mississippi","Urban and Regional Planning","62330","86.87","71750.89","0.183"
"Missouri","Urban and Regional Planning","77360","90.72","85273.37","0.137"
"Montana","Urban and Regional Planning","75950","90.58","83848.53","0.457"
"Nebraska","Urban and Regional Planning","65070","90.65","71781.58","0.333"
"Nevada","Urban and Regional Planning","88750","97.10","91400.62","0.160"
"New Hampshire","Urban and Regional Planning","78070","105.02","74338.22","0.306"
"New Jersey","Urban and Regional Planning","84730","102.35","82784.56","0.175"
"New Mexico","Urban and Regional Planning","66570","90.61","73468.71","0.477"
"New York","Urban and Regional Planning","94740","106.45","88999.53","0.220"
"North Carolina","Urban and Regional Planning","78320","92.88","84323.86","0.335"
"North Dakota","Urban and Regional Planning","84450","88.74","95165.65","0.195"
"Ohio","Urban and Regional Planning","74340","91.45","81290.32","0.120"
"Oklahoma","Urban and Regional Planning","77620","87.91","88294.85","0.196"
"Oregon","Urban and Regional Planning","92400","104.37","88531.19","0.561"
"Pennsylvania","Urban and Regional Planning","75250","96.08","78320.15","0.182"
"Rhode Island","Urban and Regional Planning","85900","92.28","93086.26","0.381"
"South Carolina","Urban and Regional Planning","65580","91.47","71695.64","0.194"
"South Dakota","Urban and Regional Planning","68080","88.25","77144.48","0.573"
"Tennessee","Urban and Regional Planning","67790","91.08","74429.07","0.074"
"Texas","Urban and Regional Planning","78180","96.42","81082.76","0.155"
"Utah","Urban and Regional Planning","75480","95.06","79402.48","0.319"
"Vermont","Urban and Regional Planning","82230","96.54","85177.13","0.460"
"Virginia","Urban and Regional Planning","81750","98.78","82759.67","0.420"
"Washington","Urban and Regional Planning","98190","107.59","91263.13","0.802"
"West Virginia","Urban and Regional Planning","58240","88.94","65482.35","0.254"
"Wisconsin","Urban and Regional Planning","76580","92.68","82628.40","0.283"
"Wyoming","Urban and Regional Planning","69590","91.05","76430.53","0.343"
"Alabama","Lawyer","127660","88.43","144362.77","2.779"
"Alaska","Lawyer","132710","101.39","130890.62","3.224"
"Arizona","Lawyer","133360","99.53","133989.75","3.794"
"Arkansas","Lawyer","86970","85.62","101576.73","2.718"
"California","Lawyer","197790","112.17","176330.57","5.127"
"Colorado","Lawyer","167970","101.29","165830.78","5.934"
"Connecticut","Lawyer","159240","103.37","154048.56","4.458"
"Delaware","Lawyer","172710","82.38","209650.40","6.242"
"Florida","Lawyer","127810","102.90","124207.97","6.009"
"Georgia","Lawyer","126240","95.39","132340.92","4.737"
"Hawaii","Lawyer","116010","108.86","106568.07","3.917"
"Idaho","Lawyer","102280","91.13","112235.27","2.452"
"Illinois","Lawyer","157320","98.39","159894.30","5.512"
"Indiana","Lawyer","130120","91.64","141990.40","2.671"
"Iowa","Lawyer","107870","88.78","121502.59","2.276"
"Kansas","Lawyer","112000","89.87","124624.46","2.982"
"Kentucky","Lawyer","102670","90.17","113862.70","3.202"
"Louisiana","Lawyer","112600","87.45","128759.29","4.504"
"Maine","Lawyer","100340","94.57","106101.30","3.273"
"Maryland","Lawyer","143490","102.66","139772.06","5.978"
"Massachusetts","Lawyer","179050","108.37","165221.00","6.045"
"Michigan","Lawyer","126600","93.34","135633.17","3.658"
"Minnesota","Lawyer","137720","97.32","141512.54","4.409"
"Mississippi","Lawyer","92610","86.87","106607.57","2.761"
"Missouri","Lawyer","124210","90.72","136915.78","4.096"
"Montana","Lawyer","100750","90.58","111227.64","4.823"
"Nebraska","Lawyer","104970","90.65","115797.02","3.417"
"New Hampshire","Lawyer","122640","105.02","116777.76","8"
"New Jersey","Lawyer","158470","102.35","154831.46","5.495"
"New Mexico","Lawyer","112500","90.61","124158.48","3.641"
"New York","Lawyer","177210","106.45","166472.52","9.583"
"North Carolina","Lawyer","124880","92.88","134453.06","3.548"
"North Dakota","Lawyer","104940","88.74","118255.58","2.530"
"Ohio","Lawyer","125450","91.45","137178.79","3.563"
"Oklahoma","Lawyer","98870","87.91","112467.30","4.393"
"Oregon","Lawyer","141520","104.37","135594.52","3.914"
"Pennsylvania","Lawyer","127940","96.08","133159.87","4.380"
"Rhode Island","Lawyer","128920","92.28","139705.24","3.872"
"South Carolina","Lawyer","104160","91.47","113873.40","3.200"
"South Dakota","Lawyer","96550","88.25","109405.10","2.495"
"Tennessee","Lawyer","130570","91.08","143357.49","2.696"
"Texas","Lawyer","133570","96.42","138529.35","3.949"
"Utah","Lawyer","125710","95.06","132242.79","3.420"
"Vermont","Lawyer","101090","96.54","104713.07","3.780"
"Virginia","Lawyer","157980","98.78","159931.16","4.533"
"Washington","Lawyer","151950","107.59","141230.60","3.713"
"West Virginia","Lawyer","102240","88.94","114953.90","3.504"
"Wisconsin","Lawyer","119970","92.68","129445.40","3.015"
"Wyoming","Lawyer","100170","91.05","110016.47","3.387"
"Alabama","Graphic Designer","48130","88.43","54427.23","0.962"
"Alaska","Graphic Designer","55230","101.39","54472.83","0.475"
"Arizona","Graphic Designer","52240","99.53","52486.69","1.355"
"Arkansas","Graphic Designer","46430","85.62","54227.98","1.129"
"California","Graphic Designer","76440","112.17","68146.56","1.568"
"Colorado","Graphic Designer","66360","101.29","65514.86","1.632"
"Connecticut","Graphic Designer","65360","103.37","63229.18","1.176"
"Delaware","Graphic Designer","56160","82.38","68171.89","0.887"
"Florida","Graphic Designer","57900","102.90","56268.22","1.427"
"Georgia","Graphic Designer","57860","95.39","60656.25","1.114"
"Hawaii","Graphic Designer","51630","108.86","47427.89","0.817"
"Idaho","Graphic Designer","48640","91.13","53374.30","1.153"
"Illinois","Graphic Designer","60010","98.39","60991.97","1.302"
"Indiana","Graphic Designer","56440","91.64","61588.83","1.405"
"Iowa","Graphic Designer","47560","88.78","53570.62","1.426"
"Kansas","Graphic Designer","49820","89.87","55435.63","1.453"
"Kentucky","Graphic Designer","50330","90.17","55816.79","0.957"
"Louisiana","Graphic Designer","46300","87.45","52944.54","0.626"
"Maine","Graphic Designer","53490","94.57","56561.28","0.925"
"Maryland","Graphic Designer","66290","102.66","64572.37","1.414"
"Massachusetts","Graphic Designer","76370","108.37","70471.53","1.342"
"Michigan","Graphic Designer","52600","93.34","56353.12","1.364"
"Minnesota","Graphic Designer","58590","97.32","60203.45","1.869"
"Mississippi","Graphic Designer","45260","86.87","52100.84","0.792"
"Missouri","Graphic Designer","50900","90.72","56106.70","1.268"
"Montana","Graphic Designer","55370","90.58","61128.28","1.277"
"Nebraska","Graphic Designer","52420","90.65","57826.81","1.750"
"Nevada","Graphic Designer","57180","97.10","58887.74","1.291"
"New Hampshire","Graphic Designer","57310","105.02","54570.56","0.994"
"New Jersey","Graphic Designer","66600","102.35","65070.84","1.381"
"New Mexico","Graphic Designer","57780","90.61","63767.80","1.365"
"New York","Graphic Designer","74530","106.45","70014.09","1.754"
"North Carolina","Graphic Designer","50600","92.88","54478.90","1.472"
"North Dakota","Graphic Designer","47900","88.74","53977.91","1.170"
"Ohio","Graphic Designer","55140","91.45","60295.24","1.269"
"Oklahoma","Graphic Designer","50310","87.91","57228.98","1.047"
"Oregon","Graphic Designer","63800","104.37","61128.68","1.569"
"Pennsylvania","Graphic Designer","52990","96.08","55151.96","1.376"
"Rhode Island","Graphic Designer","64190","92.28","69560.03","1.661"
"South Carolina","Graphic Designer","56180","91.47","61419.04","0.877"
"South Dakota","Graphic Designer","43950","88.25","49801.70","1.040"
"Tennessee","Graphic Designer","51740","91.08","56807.20","1.280"
"Texas","Graphic Designer","62030","96.42","64333.13","1.398"
"Utah","Graphic Designer","59010","95.06","62076.58","1.797"
"Vermont","Graphic Designer","62180","96.54","64408.54","1.554"
"Virginia","Graphic Designer","70060","98.78","70925.29","1.354"
"Washington","Graphic Designer","76010","107.59","70647.83","1.542"
"West Virginia","Graphic Designer","36870","88.94","41454.91","0.764"
"Wisconsin","Graphic Designer","58380","92.68","62990.94","1.585"
"Wyoming","Graphic Designer","43290","91.05","47545.30","0.883"
